variable,Output Power,GHI,DNI,DHI,Clearsky GHI,Clearsky DNI,Clearsky DHI,Temperature,Relative Humidity,Wind Speed,Dew Point,Pressure,Solar Zenith Angle,Precipitable Water
Output Power,1.0,0.43214504866252457,0.3605152474991055,-0.06755643373531252,0.30788216614651664,0.2300366896388628,0.12319282469503352,0.2939089974157843,0.03523177819387984,0.04151112720209721,-0.046502625562763786,0.308890428625858,-0.28302854971617136,0.10866447250089935
GHI,0.43214504866252457,1.0,0.7661220012729325,-0.10538639122421171,0.7752589798593605,0.5864511891461565,0.26365384260336505,0.5957731685972347,-0.1413496844332581,0.13293580066960706,0.06608420763206974,-0.12125444815322141,-0.7396155783851073,-0.06511390843425144
DNI,0.3605152474991055,0.7661220012729325,1.0,-0.5928972990753253,0.2667788896280267,0.5131019925776763,-0.1771710604406514,0.36267685689148066,-0.1297277965792788,0.06129061008192412,-0.19561652455631381,-0.013184459683259963,-0.21064893669570556,-0.04816189063119217
DHI,-0.06755643373531252,-0.10538639122421171,-0.5928972990753253,1.0,0.2728385921917307,-0.12912119608481284,0.47910062787779967,0.005084110673167131,0.023742164202214203,0.02194684925599245,0.24955101467869525,-0.017422118602963558,-0.2973807790543038,0.007058910911707011
Clearsky GHI,0.30788216614651664,0.7752589798593605,0.2667788896280267,0.2728385921917307,1.0,0.5416211750631988,0.5600758559367042,0.5652622503656252,-0.10276969180544047,0.15064927558397895,0.2617164264068072,-0.18185042563353607,-0.9800594438672172,-0.06493623667867383
Clearsky DNI,0.2300366896388628,0.5864511891461565,0.5131019925776763,-0.12912119608481284,0.5416211750631988,1.0,-0.26759867550153005,0.23043628364418148,-0.12057862263424132,0.053738651706597605,-0.21203067569111825,-0.04821678174543681,-0.4243886986962818,-0.09205260864495099
Clearsky DHI,0.12319282469503352,0.26365384260336505,-0.1771710604406514,0.47910062787779967,0.5600758559367042,-0.26759867550153005,1.0,0.25153417983326465,-0.0013256758305959493,0.1069525476367621,0.30377757293751073,-0.12182666688727106,-0.5965805692657015,0.011921583739009109
Temperature,0.2939089974157843,0.5957731685972347,0.36267685689148066,0.005084110673167131,0.5652622503656252,0.23043628364418148,0.25153417983326465,1.0,-0.13909263574406397,0.07172493595081657,0.3036070818304221,-0.22635866441110764,-0.5756965876971062,-0.026216834067321643
Relative Humidity,0.03523177819387984,-0.1413496844332581,-0.1297277965792788,0.023742164202214203,-0.10276969180544047,-0.12057862263424132,-0.0013256758305959493,-0.13909263574406397,1.0,0.04822875514594017,0.013802284224478103,0.08114195024045116,0.09325566351801286,0.6810546906071474
Wind Speed,0.04151112720209721,0.13293580066960706,0.06129061008192412,0.02194684925599245,0.15064927558397895,0.053738651706597605,0.1069525476367621,0.07172493595081657,0.04822875514594017,1.0,0.14380206455944336,-0.047275576565643726,-0.14780792844275217,0.008439065033955665
Dew Point,-0.046502625562763786,0.06608420763206974,-0.19561652455631381,0.24955101467869525,0.2617164264068072,-0.21203067569111825,0.30377757293751073,0.3036070818304221,0.013802284224478103,0.14380206455944336,1.0,0.0477725493888077,-0.3244908572128208,-0.0034841992116824605
Pressure,0.308890428625858,-0.12125444815322141,-0.013184459683259963,-0.017422118602963558,-0.18185042563353607,-0.04821678174543681,-0.12182666688727106,-0.22635866441110764,0.08114195024045116,-0.047275576565643726,0.0477725493888077,1.0,0.1826761821970125,0.07510706359010642
Solar Zenith Angle,-0.28302854971617136,-0.7396155783851073,-0.21064893669570556,-0.2973807790543038,-0.9800594438672172,-0.4243886986962818,-0.5965805692657015,-0.5756965876971062,0.09325566351801286,-0.14780792844275217,-0.3244908572128208,0.1826761821970125,1.0,0.056529800977713214
Precipitable Water,0.10866447250089935,-0.06511390843425144,-0.04816189063119217,0.007058910911707011,-0.06493623667867383,-0.09205260864495099,0.011921583739009109,-0.026216834067321643,0.6810546906071474,0.008439065033955665,-0.0034841992116824605,0.07510706359010642,0.056529800977713214,1.0
