task,city,model,seed,ablation_group,balanced_accuracy,accuracy,macro_precision,macro_recall,macro_f1,notes
sky_condition,Davis,majority_baseline,42,full,0.3333333333333333,0.703711382956666,0.23457046098555534,0.3333333333333333,0.27536408259299827,
sky_condition,Davis,logistic_regression,42,full,0.7693877195151937,0.8571428571428571,0.7327777866496898,0.7693877195151937,0.7490600493138739,
sky_condition,Davis,decision_tree,42,full,0.6960979905829728,0.8281152809454696,0.6805134831477706,0.6960979905829728,0.687839328917954,
sky_condition,Davis,random_forest,42,full,0.742118280348731,0.8540327596931371,0.7284525167528776,0.742118280348731,0.7342178292078222,
sky_condition,Davis,gradient_boosting,42,full,0.752429752659534,0.8554841385030064,0.7298051746549444,0.752429752659534,0.7401776599331225,
sky_condition,Davis,mlp,42,full,0.7654450628534125,0.8523740410532863,0.7266469505446658,0.7654450628534125,0.7433552730101584,
sky_condition,Davis,majority_baseline,123,full,0.3333333333333333,0.703711382956666,0.23457046098555534,0.3333333333333333,0.27536408259299827,
sky_condition,Davis,logistic_regression,123,full,0.7693877195151937,0.8571428571428571,0.7327777866496898,0.7693877195151937,0.7490600493138739,
sky_condition,Davis,decision_tree,123,full,0.6959060181327,0.8270785817955629,0.6794154514613312,0.6959060181327,0.6871325521041213,
sky_condition,Davis,random_forest,123,full,0.7413965889801412,0.8534107402031931,0.7299009228800686,0.7413965889801412,0.7342546488626497,
sky_condition,Davis,gradient_boosting,123,full,0.752331540127615,0.8552767986730251,0.7296001858944635,0.752331540127615,0.7400128182996611,
sky_condition,Davis,mlp,123,full,0.7496932138165117,0.8498859630935103,0.7228078957033485,0.7496932138165117,0.7336806111376152,
sky_condition,Davis,majority_baseline,2026,full,0.3333333333333333,0.703711382956666,0.23457046098555534,0.3333333333333333,0.27536408259299827,
sky_condition,Davis,logistic_regression,2026,full,0.7693877195151937,0.8571428571428571,0.7327777866496898,0.7693877195151937,0.7490600493138739,
sky_condition,Davis,decision_tree,2026,full,0.6987710860482602,0.8281152809454696,0.682747758338882,0.6987710860482602,0.6902767299340836,
sky_condition,Davis,random_forest,2026,full,0.7457983736740657,0.8563134978229318,0.7322232227006653,0.7457983736740657,0.7381941144231193,
sky_condition,Davis,gradient_boosting,2026,full,0.752331540127615,0.8552767986730251,0.7296001858944635,0.752331540127615,0.7400128182996611,
sky_condition,Davis,mlp,2026,full,0.7505757093404174,0.8558988181629691,0.7302198330284041,0.7505757093404174,0.7394648512456462,
sky_condition,Amherst,majority_baseline,42,full,0.3333333333333333,0.48009950248756217,0.16003316749585406,0.3333333333333333,0.21624649859943978,
sky_condition,Amherst,logistic_regression,42,full,0.8031275722337042,0.8412106135986733,0.8160415856635946,0.8031275722337042,0.8003900380671922,
sky_condition,Amherst,decision_tree,42,full,0.6925648797515112,0.74212271973466,0.6961547008431742,0.6925648797515112,0.693980336476622,
sky_condition,Amherst,random_forest,42,full,0.808492854714932,0.8466003316749585,0.8273175796889886,0.808492854714932,0.8079800100287046,
sky_condition,Amherst,gradient_boosting,42,full,0.8096661173564718,0.8466003316749585,0.8235302254916376,0.8096661173564718,0.8084751994907088,
sky_condition,Amherst,mlp,42,full,0.8159660542136608,0.8524046434494196,0.8347074171869551,0.8159660542136608,0.8135773446993985,
sky_condition,Amherst,majority_baseline,123,full,0.3333333333333333,0.48009950248756217,0.16003316749585406,0.3333333333333333,0.21624649859943978,
sky_condition,Amherst,logistic_regression,123,full,0.8031275722337042,0.8412106135986733,0.8160415856635946,0.8031275722337042,0.8003900380671922,
sky_condition,Amherst,decision_tree,123,full,0.6848100627292887,0.7325870646766169,0.6879403233556434,0.6848100627292887,0.6858036623689547,
sky_condition,Amherst,random_forest,123,full,0.8169866009957971,0.8528192371475953,0.8343570432233118,0.8169866009957971,0.8161427481412687,
sky_condition,Amherst,gradient_boosting,123,full,0.8102179937361628,0.8470149253731343,0.8239404350884157,0.8102179937361628,0.809054164405589,
sky_condition,Amherst,mlp,123,full,0.8193417281304596,0.853648424543947,0.8294609175311568,0.8193417281304596,0.8174519657204234,
sky_condition,Amherst,majority_baseline,2026,full,0.3333333333333333,0.48009950248756217,0.16003316749585406,0.3333333333333333,0.21624649859943978,
sky_condition,Amherst,logistic_regression,2026,full,0.8031275722337042,0.8412106135986733,0.8160415856635946,0.8031275722337042,0.8003900380671922,
sky_condition,Amherst,decision_tree,2026,full,0.6755375512027196,0.7255389718076285,0.6856523383008654,0.6755375512027196,0.6767812405915031,
sky_condition,Amherst,random_forest,2026,full,0.8108319893856729,0.8486733001658375,0.8285675352101189,0.8108319893856729,0.8098227029100431,
sky_condition,Amherst,gradient_boosting,2026,full,0.8102179937361628,0.8470149253731343,0.8239404350884157,0.8102179937361628,0.809054164405589,
sky_condition,Amherst,mlp,2026,full,0.813216805079345,0.849502487562189,0.8265663998969422,0.813216805079345,0.8112349460583208,
generation_regime,Davis,majority_baseline,42,full,0.3333333333333333,0.26643168152602115,0.08881056050867371,0.3333333333333333,0.14025321982099978,
generation_regime,Davis,logistic_regression,42,full,0.9314697497650918,0.9386274103255235,0.9376530419860251,0.9314697497650918,0.9342774808972165,
generation_regime,Davis,decision_tree,42,full,0.9071136825766422,0.9131246112378187,0.9091790275695074,0.9071136825766422,0.9080289716100914,
generation_regime,Davis,random_forest,42,full,0.9451656917916598,0.9487870619946092,0.9448140323735607,0.9451656917916598,0.944852246802748,
generation_regime,Davis,gradient_boosting,42,full,0.9443029196425744,0.9487870619946092,0.9455905667918403,0.9443029196425744,0.9447870991205726,
generation_regime,Davis,mlp,42,full,0.9437506531011121,0.9473356831847398,0.9446150745292674,0.9437506531011121,0.9440607928827517,
generation_regime,Davis,majority_baseline,123,full,0.3333333333333333,0.26643168152602115,0.08881056050867371,0.3333333333333333,0.14025321982099978,
generation_regime,Davis,logistic_regression,123,full,0.9314697497650918,0.9386274103255235,0.9376530419860251,0.9314697497650918,0.9342774808972165,
generation_regime,Davis,decision_tree,123,full,0.9005643079254201,0.9085631349782293,0.9052596977898113,0.9005643079254201,0.9025165228330891,
generation_regime,Davis,random_forest,123,full,0.9451864261813263,0.9494090814845532,0.9457995249704858,0.9451864261813263,0.9452855057554941,
generation_regime,Davis,gradient_boosting,123,full,0.9443029196425744,0.9487870619946092,0.9455905667918403,0.9443029196425744,0.9447870991205726,
generation_regime,Davis,mlp,123,full,0.9446761268818614,0.9481650425046652,0.9446448741720853,0.9446761268818614,0.944261050483416,
generation_regime,Davis,majority_baseline,2026,full,0.3333333333333333,0.26643168152602115,0.08881056050867371,0.3333333333333333,0.14025321982099978,
generation_regime,Davis,logistic_regression,2026,full,0.9314697497650918,0.9386274103255235,0.9376530419860251,0.9314697497650918,0.9342774808972165,
generation_regime,Davis,decision_tree,2026,full,0.8978000202023474,0.9058677171884719,0.9033800905751029,0.8978000202023474,0.9000750086222179,
generation_regime,Davis,random_forest,2026,full,0.9459850370709803,0.9500311009744972,0.9463229274521266,0.9459850370709803,0.9460047702262003,
generation_regime,Davis,gradient_boosting,2026,full,0.9443029196425744,0.9487870619946092,0.9455905667918403,0.9443029196425744,0.9447870991205726,
generation_regime,Davis,mlp,2026,full,0.9418486390644603,0.945676964544889,0.9424257577584112,0.9418486390644603,0.9420159944946006,
generation_regime,Amherst,majority_baseline,42,full,0.3333333333333333,0.3811696391538781,0.12705654638462602,0.3333333333333333,0.18398398398398397,
generation_regime,Amherst,logistic_regression,42,full,0.7358478236874634,0.7324761509746993,0.7509917756662879,0.7358478236874634,0.736563458994603,
generation_regime,Amherst,decision_tree,42,full,0.6599586278171287,0.6549149730402323,0.667669617378083,0.6599586278171287,0.6618644055809216,
generation_regime,Amherst,random_forest,42,full,0.7544976081274678,0.7482372459560348,0.7670818117303447,0.7544976081274678,0.7532181988153303,
generation_regime,Amherst,gradient_boosting,42,full,0.755083157924712,0.7490667772708419,0.7699254237916003,0.755083157924712,0.7542039623375664,
generation_regime,Amherst,mlp,42,full,0.7463412153085923,0.7407714641227706,0.7548392101428246,0.7463412153085923,0.7447434882003923,
generation_regime,Amherst,majority_baseline,123,full,0.3333333333333333,0.3811696391538781,0.12705654638462602,0.3333333333333333,0.18398398398398397,
generation_regime,Amherst,logistic_regression,123,full,0.7358478236874634,0.7324761509746993,0.7509917756662879,0.7358478236874634,0.736563458994603,
generation_regime,Amherst,decision_tree,123,full,0.6476784076408449,0.6416424720033181,0.653358957546973,0.6476784076408449,0.6491794984406707,
generation_regime,Amherst,random_forest,123,full,0.7601210728815005,0.7536291995022812,0.7724765217056824,0.7601210728815005,0.7580934809468168,
generation_regime,Amherst,gradient_boosting,123,full,0.755083157924712,0.7490667772708419,0.7699254237916003,0.755083157924712,0.7542039623375664,
generation_regime,Amherst,mlp,123,full,0.7486596082534139,0.7461634176690171,0.7673567989067456,0.7486596082534139,0.7501238443053518,
generation_regime,Amherst,majority_baseline,2026,full,0.3333333333333333,0.3811696391538781,0.12705654638462602,0.3333333333333333,0.18398398398398397,
generation_regime,Amherst,logistic_regression,2026,full,0.7358478236874634,0.7324761509746993,0.7509917756662879,0.7358478236874634,0.736563458994603,
generation_regime,Amherst,decision_tree,2026,full,0.663713507961685,0.6574035669846536,0.6688811051216943,0.663713507961685,0.6646225689076234,
generation_regime,Amherst,random_forest,2026,full,0.758639316936633,0.7527996681874741,0.770725680087922,0.758639316936633,0.756946009836451,
generation_regime,Amherst,gradient_boosting,2026,full,0.7554458710186548,0.7494815429282455,0.7702575154825011,0.7554458710186548,0.754606026881579,
generation_regime,Amherst,mlp,2026,full,0.7463494851660766,0.7440895893819992,0.7623166893843295,0.7463494851660766,0.749312679576811,
sky_condition,Davis,random_forest_tuned,42,full,0.7440314540638763,0.8550694588430438,0.7319152020829635,0.7440314540638763,0.7366995446504667,"{""n_estimators"": 100, ""max_depth"": null, ""min_samples_leaf"": 1}"
sky_condition,Davis,gradient_boosting_tuned,42,full,0.7542251456698073,0.8558988181629691,0.733073897103584,0.7542251456698073,0.7428065199821144,"{""n_estimators"": 100, ""learning_rate"": 0.1, ""max_depth"": 5}"
sky_condition,Davis,mlp_tuned,42,full,0.7654450628534125,0.8523740410532863,0.7266469505446658,0.7654450628534125,0.7433552730101584,"{""hidden_size"": 32, ""dropout"": 0.2, ""lr"": 0.001}"
sky_condition,Davis,random_forest_tuned,123,full,0.7402091333699818,0.852166701223305,0.726209004694026,0.7402091333699818,0.7320104747545364,"{""n_estimators"": 100, ""max_depth"": null, ""min_samples_leaf"": 1}"
sky_condition,Davis,gradient_boosting_tuned,123,full,0.7539749487878598,0.8558988181629691,0.7331410529181918,0.7539749487878598,0.7427104365659375,"{""n_estimators"": 100, ""learning_rate"": 0.1, ""max_depth"": 5}"
sky_condition,Davis,mlp_tuned,123,full,0.7496932138165117,0.8498859630935103,0.7228078957033485,0.7496932138165117,0.7336806111376152,"{""hidden_size"": 32, ""dropout"": 0.2, ""lr"": 0.001}"
sky_condition,Davis,random_forest_tuned,2026,full,0.7339208052204605,0.8513373419033796,0.7239970607858792,0.7339208052204605,0.7279572991589968,"{""n_estimators"": 100, ""max_depth"": null, ""min_samples_leaf"": 1}"
sky_condition,Davis,gradient_boosting_tuned,2026,full,0.7534794335146991,0.8554841385030064,0.7320816994407601,0.7534794335146991,0.7419417949674875,"{""n_estimators"": 100, ""learning_rate"": 0.1, ""max_depth"": 5}"
sky_condition,Davis,mlp_tuned,2026,full,0.7505757093404174,0.8558988181629691,0.7302198330284041,0.7505757093404174,0.7394648512456462,"{""hidden_size"": 32, ""dropout"": 0.2, ""lr"": 0.001}"
generation_regime,Davis,random_forest_tuned,42,full,0.9457990987223733,0.9496164213145345,0.9458483497502601,0.9457990987223733,0.9456658896498578,"{""n_estimators"": 300, ""max_depth"": null, ""min_samples_leaf"": 1}"
generation_regime,Davis,gradient_boosting_tuned,42,full,0.9444307436987729,0.9485797221646278,0.945212954830172,0.9444307436987729,0.9446848458227942,"{""n_estimators"": 200, ""learning_rate"": 0.05, ""max_depth"": 3}"
generation_regime,Davis,mlp_tuned,42,full,0.9474113376161656,0.9494090814845532,0.9460490901624379,0.9474113376161656,0.9467084754748404,"{""hidden_size"": 64, ""dropout"": 0.3, ""lr"": 0.001}"
generation_regime,Davis,random_forest_tuned,123,full,0.9450323192311029,0.9492017416545718,0.945648054112449,0.9450323192311029,0.9451410355439182,"{""n_estimators"": 300, ""max_depth"": null, ""min_samples_leaf"": 1}"
generation_regime,Davis,gradient_boosting_tuned,123,full,0.9444307436987729,0.9485797221646278,0.945212954830172,0.9444307436987729,0.9446848458227942,"{""n_estimators"": 200, ""learning_rate"": 0.05, ""max_depth"": 3}"
generation_regime,Davis,mlp_tuned,123,full,0.9464994213221329,0.9485797221646278,0.9436803428842216,0.9464994213221329,0.9450436762834786,"{""hidden_size"": 64, ""dropout"": 0.3, ""lr"": 0.001}"
generation_regime,Davis,random_forest_tuned,2026,full,0.9462274613134044,0.9502384408044785,0.9465790169460525,0.9462274613134044,0.9462610163601525,"{""n_estimators"": 300, ""max_depth"": null, ""min_samples_leaf"": 1}"
generation_regime,Davis,gradient_boosting_tuned,2026,full,0.9444307436987729,0.9485797221646278,0.945212954830172,0.9444307436987729,0.9446848458227942,"{""n_estimators"": 200, ""learning_rate"": 0.05, ""max_depth"": 3}"
generation_regime,Davis,mlp_tuned,2026,full,0.9440567401403034,0.9479577026746838,0.944717462042567,0.9440567401403034,0.9442836679269044,"{""hidden_size"": 64, ""dropout"": 0.3, ""lr"": 0.001}"
sky_condition,Amherst,random_forest_tuned,42,full,0.8063665784778916,0.8432835820895522,0.8206605060307922,0.8063665784778916,0.8033864364918216,"{""n_estimators"": 200, ""max_depth"": 10, ""min_samples_leaf"": 5}"
sky_condition,Amherst,gradient_boosting_tuned,42,full,0.8098758582421898,0.8470149253731343,0.8253919240233683,0.8098758582421898,0.8088742141789774,"{""n_estimators"": 200, ""learning_rate"": 0.05, ""max_depth"": 3}"
sky_condition,Amherst,mlp_tuned,42,full,0.8069102430660952,0.8449419568822554,0.8228122533843258,0.8069102430660952,0.8074911353051316,"{""hidden_size"": 64, ""dropout"": 0.3, ""lr"": 0.001}"
sky_condition,Amherst,random_forest_tuned,123,full,0.8092669568361845,0.845771144278607,0.8224931333997737,0.8092669568361845,0.8067507482311523,"{""n_estimators"": 200, ""max_depth"": 10, ""min_samples_leaf"": 5}"
sky_condition,Amherst,gradient_boosting_tuned,123,full,0.8098758582421898,0.8470149253731343,0.8253919240233683,0.8098758582421898,0.8088742141789774,"{""n_estimators"": 200, ""learning_rate"": 0.05, ""max_depth"": 3}"
sky_condition,Amherst,mlp_tuned,123,full,0.8184774048158051,0.8532338308457711,0.8320857569888919,0.8184774048158051,0.8164393466664727,"{""hidden_size"": 64, ""dropout"": 0.3, ""lr"": 0.001}"
sky_condition,Amherst,random_forest_tuned,2026,full,0.8106882507740347,0.8470149253731343,0.8257090484595295,0.8106882507740347,0.8079477523945116,"{""n_estimators"": 200, ""max_depth"": 10, ""min_samples_leaf"": 5}"
sky_condition,Amherst,gradient_boosting_tuned,2026,full,0.8098758582421898,0.8470149253731343,0.8253919240233683,0.8098758582421898,0.8088742141789774,"{""n_estimators"": 200, ""learning_rate"": 0.05, ""max_depth"": 3}"
sky_condition,Amherst,mlp_tuned,2026,full,0.8003904325590495,0.8395522388059702,0.8162556956250744,0.8003904325590495,0.8013879527682234,"{""hidden_size"": 64, ""dropout"": 0.3, ""lr"": 0.001}"
generation_regime,Amherst,random_forest_tuned,42,full,0.7567887843050668,0.7507258399004563,0.7690808171296375,0.7567887843050668,0.754983994251602,"{""n_estimators"": 100, ""max_depth"": null, ""min_samples_leaf"": 1}"
generation_regime,Amherst,gradient_boosting_tuned,42,full,0.7531626870978254,0.7469929489838242,0.7676603597266712,0.7531626870978254,0.7519015377238282,"{""n_estimators"": 200, ""learning_rate"": 0.05, ""max_depth"": 3}"
generation_regime,Amherst,mlp_tuned,42,full,0.7463412153085923,0.7407714641227706,0.7548392101428246,0.7463412153085923,0.7447434882003923,"{""hidden_size"": 32, ""dropout"": 0.2, ""lr"": 0.001}"
generation_regime,Amherst,random_forest_tuned,123,full,0.7569236308351376,0.7503110742430527,0.7691369573342409,0.7569236308351376,0.7553523339577145,"{""n_estimators"": 100, ""max_depth"": null, ""min_samples_leaf"": 1}"
generation_regime,Amherst,gradient_boosting_tuned,123,full,0.7535623673536209,0.7474077146412277,0.7680744807029082,0.7535623673536209,0.7522422943965147,"{""n_estimators"": 200, ""learning_rate"": 0.05, ""max_depth"": 3}"
generation_regime,Amherst,mlp_tuned,123,full,0.7486596082534139,0.7461634176690171,0.7673567989067456,0.7486596082534139,0.7501238443053518,"{""hidden_size"": 32, ""dropout"": 0.2, ""lr"": 0.001}"
generation_regime,Amherst,random_forest_tuned,2026,full,0.7539250804475636,0.7478224802986313,0.7666573866225935,0.7539250804475636,0.7521176535559734,"{""n_estimators"": 100, ""max_depth"": null, ""min_samples_leaf"": 1}"
generation_regime,Amherst,gradient_boosting_tuned,2026,full,0.7531626870978254,0.7469929489838242,0.7676603597266712,0.7531626870978254,0.7519015377238282,"{""n_estimators"": 200, ""learning_rate"": 0.05, ""max_depth"": 3}"
generation_regime,Amherst,mlp_tuned,2026,full,0.7463494851660766,0.7440895893819992,0.7623166893843295,0.7463494851660766,0.749312679576811,"{""hidden_size"": 32, ""dropout"": 0.2, ""lr"": 0.001}"
sky_condition,Davis,logistic_regression_balanced_weight,42,full,0.7719522651735158,0.8314327182251711,0.6948016415868672,0.7719522651735158,0.7200176255052013,class_weight=balanced
sky_condition,Davis,decision_tree_balanced_weight,42,full,0.6799519365786842,0.8111134148869998,0.6593951792070848,0.6799519365786842,0.6687509384014448,class_weight=balanced
sky_condition,Davis,random_forest_balanced_weight,42,full,0.7519738538194646,0.8581795562927639,0.7337337491996939,0.7519738538194646,0.7413492541609722,class_weight=balanced
sky_condition,Davis,logistic_regression_balanced_weight,123,full,0.7719522651735158,0.8314327182251711,0.6948016415868672,0.7719522651735158,0.7200176255052013,class_weight=balanced
sky_condition,Davis,decision_tree_balanced_weight,123,full,0.6743444599431699,0.8092473564171677,0.655785004789344,0.6743444599431699,0.6643171056833214,class_weight=balanced
sky_condition,Davis,random_forest_balanced_weight,123,full,0.7445367263185055,0.8546547791830811,0.7287748275192049,0.7445367263185055,0.735586448831369,class_weight=balanced
sky_condition,Davis,logistic_regression_balanced_weight,2026,full,0.7719522651735158,0.8314327182251711,0.6948016415868672,0.7719522651735158,0.7200176255052013,class_weight=balanced
sky_condition,Davis,decision_tree_balanced_weight,2026,full,0.6800705690378944,0.8121501140369065,0.6609223748844059,0.6800705690378944,0.669572911196787,class_weight=balanced
sky_condition,Davis,random_forest_balanced_weight,2026,full,0.742927095426248,0.8529960605432304,0.7254261758826837,0.742927095426248,0.7331104364104433,class_weight=balanced
sky_condition,Amherst,logistic_regression_balanced_weight,42,full,0.8089536887220722,0.8449419568822554,0.8140953335839912,0.8089536887220722,0.8071902493859211,class_weight=balanced
sky_condition,Amherst,decision_tree_balanced_weight,42,full,0.681848776340421,0.7317578772802653,0.689111560703637,0.681848776340421,0.683981949451896,class_weight=balanced
sky_condition,Amherst,random_forest_balanced_weight,42,full,0.8124153664907877,0.849502487562189,0.831650165412858,0.8124153664907877,0.8109043375329068,class_weight=balanced
sky_condition,Amherst,logistic_regression_balanced_weight,123,full,0.8089536887220722,0.8449419568822554,0.8140953335839912,0.8089536887220722,0.8071902493859211,class_weight=balanced
sky_condition,Amherst,decision_tree_balanced_weight,123,full,0.6888740167479487,0.7396351575456053,0.6981908940866073,0.6888740167479487,0.6909049917846204,class_weight=balanced
sky_condition,Amherst,random_forest_balanced_weight,123,full,0.8136362868507808,0.8503316749585407,0.8316718820310883,0.8136362868507808,0.8123916754334948,class_weight=balanced
sky_condition,Amherst,logistic_regression_balanced_weight,2026,full,0.8089536887220722,0.8449419568822554,0.8140953335839912,0.8089536887220722,0.8071902493859211,class_weight=balanced
sky_condition,Amherst,decision_tree_balanced_weight,2026,full,0.6865239281339202,0.7375621890547264,0.6920959272256845,0.6865239281339202,0.6883648758648758,class_weight=balanced
sky_condition,Amherst,random_forest_balanced_weight,2026,full,0.8105050808993437,0.8482587064676617,0.8297346262593597,0.8105050808993437,0.8096395610625128,class_weight=balanced
generation_regime,Davis,logistic_regression_balanced_weight,42,full,0.9305883700875958,0.9377980510055982,0.9367080619211058,0.9305883700875958,0.9333552480800682,class_weight=balanced
generation_regime,Davis,decision_tree_balanced_weight,42,full,0.9010308824986019,0.9087704748082106,0.9062071012219094,0.9010308824986019,0.9030560225511796,class_weight=balanced
generation_regime,Davis,random_forest_balanced_weight,42,full,0.9456768231705333,0.9496164213145345,0.9456639280518565,0.9456768231705333,0.9455168686380974,class_weight=balanced
generation_regime,Davis,logistic_regression_balanced_weight,123,full,0.9305883700875958,0.9377980510055982,0.9367080619211058,0.9305883700875958,0.9333552480800682,class_weight=balanced
generation_regime,Davis,decision_tree_balanced_weight,123,full,0.9049117972386455,0.9118805722579307,0.9094940592675824,0.9049117972386455,0.906723156232283,class_weight=balanced
generation_regime,Davis,random_forest_balanced_weight,123,full,0.9456768231705333,0.9496164213145345,0.9457526585490076,0.9456768231705333,0.9455642537245691,class_weight=balanced
generation_regime,Davis,logistic_regression_balanced_weight,2026,full,0.9305883700875958,0.9377980510055982,0.9367080619211058,0.9305883700875958,0.9333552480800682,class_weight=balanced
generation_regime,Davis,decision_tree_balanced_weight,2026,full,0.8966923633328379,0.9052456976985279,0.9018767906346549,0.8966923633328379,0.8988902688378699,class_weight=balanced
generation_regime,Davis,random_forest_balanced_weight,2026,full,0.9441055506685063,0.9481650425046652,0.9441140999422218,0.9441055506685063,0.9439777249477336,class_weight=balanced
generation_regime,Amherst,logistic_regression_balanced_weight,42,full,0.7354851105935207,0.7320613853172957,0.7506422884336467,0.7354851105935207,0.7361643252194913,class_weight=balanced
generation_regime,Amherst,decision_tree_balanced_weight,42,full,0.6568210642449457,0.6507673164661966,0.662491177068753,0.6568210642449457,0.6582259840714578,class_weight=balanced
generation_regime,Amherst,random_forest_balanced_weight,42,full,0.7580577632677734,0.7519701368726669,0.7707142306770353,0.7580577632677734,0.7563575360089588,class_weight=balanced
generation_regime,Amherst,logistic_regression_balanced_weight,123,full,0.7354851105935207,0.7320613853172957,0.7506422884336467,0.7354851105935207,0.7361643252194913,class_weight=balanced
generation_regime,Amherst,decision_tree_balanced_weight,123,full,0.663533702012992,0.6578183326420572,0.6670883319891031,0.663533702012992,0.6641629597838896,class_weight=balanced
generation_regime,Amherst,random_forest_balanced_weight,123,full,0.7570735669469194,0.7511406055578598,0.7697112845491122,0.7570735669469194,0.7560670118440741,class_weight=balanced
generation_regime,Amherst,logistic_regression_balanced_weight,2026,full,0.7354851105935207,0.7320613853172957,0.7506422884336467,0.7354851105935207,0.7361643252194913,class_weight=balanced
generation_regime,Amherst,decision_tree_balanced_weight,2026,full,0.6550425372730712,0.6495230194939859,0.661505206995806,0.6550425372730712,0.6571272863454437,class_weight=balanced
generation_regime,Amherst,random_forest_balanced_weight,2026,full,0.7550041937404365,0.7486520116134384,0.7677674965044766,0.7550041937404365,0.7537546075701491,class_weight=balanced
sky_condition,Davis,random_forest,42,time_only,0.352218212857672,0.6483516483516484,0.370748308478748,0.352218212857672,0.3437414341072491,
sky_condition,Davis,random_forest,123,time_only,0.35773595631122834,0.6485589881816297,0.3823962219795553,0.35773595631122834,0.35184403072119563,
sky_condition,Davis,random_forest,2026,time_only,0.35907406442989326,0.6469002695417789,0.3823097643097643,0.35907406442989326,0.35414228493423144,
sky_condition,Davis,random_forest,42,weather_only,0.6135141330993629,0.7692307692307693,0.614380959103385,0.6135141330993629,0.6104242258463338,
sky_condition,Davis,random_forest,123,weather_only,0.6116005335070485,0.7679867302508812,0.6103413736380823,0.6116005335070485,0.6074988728291683,
sky_condition,Davis,random_forest,2026,weather_only,0.6134123739182326,0.772133526850508,0.6173945308653846,0.6134123739182326,0.6123269909724132,
sky_condition,Davis,random_forest,42,irradiance_weather,0.7425799636438887,0.8534107402031931,0.7255654342179051,0.7425799636438887,0.7335336062883818,
sky_condition,Davis,random_forest,123,irradiance_weather,0.7426679391071542,0.852166701223305,0.7234241507769058,0.7426679391071542,0.7324572100940344,
sky_condition,Davis,random_forest,2026,irradiance_weather,0.7412009614606254,0.8513373419033796,0.7228804467279145,0.7412009614606254,0.7315070808599197,
sky_condition,Davis,random_forest,42,full,0.742118280348731,0.8540327596931371,0.7284525167528776,0.742118280348731,0.7342178292078222,
sky_condition,Davis,random_forest,123,full,0.7413965889801412,0.8534107402031931,0.7299009228800686,0.7413965889801412,0.7342546488626497,
sky_condition,Davis,random_forest,2026,full,0.7457983736740657,0.8563134978229318,0.7322232227006653,0.7457983736740657,0.7381941144231193,
sky_condition,Davis,random_forest,42,full_with_leakage_risk,0.9856328603932463,0.9885963093510264,0.9827674763090748,0.9856328603932463,0.9841946156389078,"includes DHI/DNI/Solar Zenith Angle - leakage demonstration only, not the primary result"
sky_condition,Davis,random_forest,123,full_with_leakage_risk,0.98436718630129,0.9877669500311009,0.9805696673074541,0.98436718630129,0.9824375023815964,"includes DHI/DNI/Solar Zenith Angle - leakage demonstration only, not the primary result"
sky_condition,Davis,random_forest,2026,full_with_leakage_risk,0.9855102011976397,0.988388969521045,0.9824031432234671,0.9855102011976397,0.983948778768915,"includes DHI/DNI/Solar Zenith Angle - leakage demonstration only, not the primary result"
generation_regime,Davis,random_forest,42,time_only,0.8258603232822567,0.8148455318266639,0.8089097237469344,0.8258603232822567,0.8147343912941295,
generation_regime,Davis,random_forest,123,time_only,0.8250876616698838,0.8140161725067385,0.808306468232939,0.8250876616698838,0.8140292114674343,
generation_regime,Davis,random_forest,2026,time_only,0.8264109614251279,0.815467551316608,0.8095805715492518,0.8264109614251279,0.8153584071737425,
generation_regime,Davis,random_forest,42,weather_only,0.8816760765667871,0.8890731909599834,0.8847320750287261,0.8816760765667871,0.8827631032262512,
generation_regime,Davis,random_forest,123,weather_only,0.880854604426211,0.8880364918100767,0.8835810075782108,0.880854604426211,0.8818220118201933,
generation_regime,Davis,random_forest,2026,weather_only,0.8812792117573954,0.8880364918100767,0.8832943826874272,0.8812792117573954,0.8820311369554025,
generation_regime,Davis,random_forest,42,irradiance_weather,0.9385968775326186,0.943810906075057,0.9392015649005097,0.9385968775326186,0.9387331644676365,
generation_regime,Davis,random_forest,123,irradiance_weather,0.9386138566624381,0.943810906075057,0.9392822947368081,0.9386138566624381,0.938769482313811,
generation_regime,Davis,random_forest,2026,irradiance_weather,0.9391870224394875,0.9442255857350197,0.9398986553645291,0.9391870224394875,0.9393862937016596,
generation_regime,Davis,random_forest,42,full,0.9451656917916598,0.9487870619946092,0.9448140323735607,0.9451656917916598,0.944852246802748,
generation_regime,Davis,random_forest,123,full,0.9451864261813263,0.9494090814845532,0.9457995249704858,0.9451864261813263,0.9452855057554941,
generation_regime,Davis,random_forest,2026,full,0.9459850370709803,0.9500311009744972,0.9463229274521266,0.9459850370709803,0.9460047702262003,
sky_condition,Amherst,random_forest,42,time_only,0.3633938659677259,0.39552238805970147,0.36414372378066534,0.3633938659677259,0.3634942176064711,
sky_condition,Amherst,random_forest,123,time_only,0.36418242964034403,0.3951077943615257,0.3644430535275715,0.36418242964034403,0.36376337932458064,
sky_condition,Amherst,random_forest,2026,time_only,0.3528339860241174,0.3851575456053068,0.3531005705873896,0.3528339860241174,0.35241547310676347,
sky_condition,Amherst,random_forest,42,weather_only,0.5586584836164494,0.6181592039800995,0.5918502263622467,0.5586584836164494,0.5645682578384568,
sky_condition,Amherst,random_forest,123,weather_only,0.5646291598956047,0.6243781094527363,0.6024046155760211,0.5646291598956047,0.5718005482495937,
sky_condition,Amherst,random_forest,2026,weather_only,0.5587088834867031,0.6202321724709784,0.5891673555689413,0.5587088834867031,0.5628257782237402,
sky_condition,Amherst,random_forest,42,irradiance_weather,0.8038391796889549,0.8420398009950248,0.8178137405731892,0.8038391796889549,0.8036144380716749,
sky_condition,Amherst,random_forest,123,irradiance_weather,0.8024714031693408,0.8412106135986733,0.8156687141945259,0.8024714031693408,0.8018647401755814,
sky_condition,Amherst,random_forest,2026,irradiance_weather,0.8023397740173639,0.8407960199004975,0.815956729562338,0.8023397740173639,0.8022882708977278,
sky_condition,Amherst,random_forest,42,full,0.808492854714932,0.8466003316749585,0.8273175796889886,0.808492854714932,0.8079800100287046,
sky_condition,Amherst,random_forest,123,full,0.8169866009957971,0.8528192371475953,0.8343570432233118,0.8169866009957971,0.8161427481412687,
sky_condition,Amherst,random_forest,2026,full,0.8108319893856729,0.8486733001658375,0.8285675352101189,0.8108319893856729,0.8098227029100431,
sky_condition,Amherst,random_forest,42,full_with_leakage_risk,0.9816083468168016,0.9813432835820896,0.9775793013186976,0.9816083468168016,0.9795144719199057,"includes DHI/DNI/Solar Zenith Angle - leakage demonstration only, not the primary result"
sky_condition,Amherst,random_forest,123,full_with_leakage_risk,0.9826968725685399,0.9825870646766169,0.9788835775560262,0.9826968725685399,0.9807122229398259,"includes DHI/DNI/Solar Zenith Angle - leakage demonstration only, not the primary result"
sky_condition,Amherst,random_forest,2026,full_with_leakage_risk,0.9829847251879986,0.9830016583747927,0.9793838944097663,0.9829847251879986,0.9811071593108888,"includes DHI/DNI/Solar Zenith Angle - leakage demonstration only, not the primary result"
generation_regime,Amherst,random_forest,42,time_only,0.49379514549372044,0.4898382413936126,0.48744033574951634,0.49379514549372044,0.4887499450119732,
generation_regime,Amherst,random_forest,123,time_only,0.49199356840916136,0.4877644131065948,0.48423876592890674,0.49199356840916136,0.4854991348632449,
generation_regime,Amherst,random_forest,2026,time_only,0.49733917732012944,0.49191206968063045,0.489583798768146,0.49733917732012944,0.4910703395279772,
generation_regime,Amherst,random_forest,42,weather_only,0.6791303531553542,0.6756532559104106,0.6984159832300944,0.6791303531553542,0.6734232268178107,
generation_regime,Amherst,random_forest,123,weather_only,0.678048277466282,0.6752384902530071,0.6972633546253498,0.678048277466282,0.6726215180559686,
generation_regime,Amherst,random_forest,2026,weather_only,0.6822588907385821,0.6793861468270427,0.702640238594951,0.6822588907385821,0.6762499532544389,
generation_regime,Amherst,random_forest,42,irradiance_weather,0.7572934412540216,0.7519701368726669,0.7719386505915238,0.7572934412540216,0.7572420042224225,
generation_regime,Amherst,random_forest,123,irradiance_weather,0.7553769665555198,0.7498963085856492,0.7698175116850848,0.7553769665555198,0.7546783507775867,
generation_regime,Amherst,random_forest,2026,irradiance_weather,0.7529469477194654,0.7478224802986313,0.7682155022053502,0.7529469477194654,0.75299194683313,
generation_regime,Amherst,random_forest,42,full,0.7544976081274678,0.7482372459560348,0.7670818117303447,0.7544976081274678,0.7532181988153303,
generation_regime,Amherst,random_forest,123,full,0.7601210728815005,0.7536291995022812,0.7724765217056824,0.7601210728815005,0.7580934809468168,
generation_regime,Amherst,random_forest,2026,full,0.758639316936633,0.7527996681874741,0.770725680087922,0.758639316936633,0.756946009836451,
